"geographicAreaM49","measuredElement","measuredItemCPC","fbsDistribParam","timePointYears","Value"
"106",121,"1016","logmu",2009,10.9920681854105
"106",141,"1020","logmu",2009,9.38263027297643
"106",121,"1034","logmu",2009,14.1419511387918
"106",111,"1062","logmu",2009,10.598037454928
"106",121,"1062","logmu",2009,7.56555299576409
"106",141,"1062","logmu",2009,13.5313708418866
"106",111,"108","logmu",2009,8.40180101996471
"106",121,"108","logmu",2009,NA
"106",111,"116","logmu",2009,12.0012187033857
"106",121,"116","logmu",2009,10.7484557348903
"106",141,"116","logmu",2009,14.4334473567055
"106",141,"1163","logmu",2009,6.90171564445797
"106",141,"1166","logmu",2009,10.2327099747382
"106",141,"1182","logmu",2009,9.9883114277551
"106",141,"119","logmu",2009,8.50716153562253
"106",121,"122","logmu",2009,4.08431290642839
"106",141,"122","logmu",2009,9.59093087742087
"106",111,"15","logmu",2009,12.9568468187702
"106",121,"15","logmu",2009,10.3631469771499
"106",121,"157","logmu",2009,10.7043861129587
"106",111,"176","logmu",2009,8.28401798430832
"106",121,"176","logmu",2009,8.35956135435683
"106",141,"176","logmu",2009,11.4428477949344
"106",111,"181","logmu",2009,9.38263027297643
"106",121,"181","logmu",2009,8.54233561063018
"106",141,"181","logmu",2009,11.3975332935187
"106",111,"187","logmu",2009,7.08004517998239
"106",121,"187","logmu",2009,7.88949281623849
"106",141,"187","logmu",2009,11.2934682346905
"106",111,"191","logmu",2009,6.20457644262849
"106",121,"191","logmu",2009,6.39674931877347
"106",141,"191","logmu",2009,10.1772451520038
"106",111,"201","logmu",2009,4.89524312264472
"106",121,"201","logmu",2009,6.43295427118113
"106",141,"201","logmu",2009,10.2720882036896
"106",111,"205","logmu",2009,5.98143289131428
"106",121,"205","logmu",2009,5.84790149868975
"106",111,"210","logmu",2009,5.69375081886249
"106",121,"210","logmu",2009,4.59513853019439
"106",111,"211","logmu",2009,4.50082785072314
"106",121,"211","logmu",2009,4.65698593352047
"106",121,"223","logmu",2009,6.49664886338156
"106",141,"223","logmu",2009,9.3795756122472
"106",141,"229","logmu",2009,6.32147019409998
"106",141,"230","logmu",2009,7.96174446708692
"106",121,"234","logmu",2009,6.62617733264605
"106",111,"236","logmu",2009,9.89345589674242
"106",121,"236","logmu",2009,11.1824956889581
"106",111,"242","logmu",2009,NA
"106",121,"249","logmu",2009,4.80685706383913
"106",141,"249","logmu",2009,7.80695751402731
"106",141,"257","logmu",2009,10.5866030773024
"106",121,"260","logmu",2009,12.1641064677061
"106",141,"260","logmu",2009,11.1245573684566
"106",111,"267","logmu",2009,7.3031887312966
"106",121,"267","logmu",2009,8.50716153562253
"106",111,"27","logmu",2009,10.8003425485413
"106",111,"270","logmu",2009,6.20457644262849
"106",121,"270","logmu",2009,7.48551028809055
"106",111,"289","logmu",2009,0.647488347123088
"106",121,"289","logmu",2009,6.91563230123172
"106",111,"292","logmu",2009,NA
"106",141,"293","logmu",2009,NA
"106",111,"333","logmu",2009,5.47060726754829
"106",111,"336","logmu",2009,NA
"106",121,"339","logmu",2009,8.96128981570997
"106",121,"358","logmu",2009,10.4720168015599
"106",141,"358","logmu",2009,12.440823128998
"106",121,"366","logmu",2009,11.0850192209848
"106",141,"366","logmu",2009,12.9786003547069
"106",121,"367","logmu",2009,8.74162003083631
"106",141,"367","logmu",2009,10.5803556024085
"106",121,"373","logmu",2009,9.20030871618248
"106",141,"373","logmu",2009,11.2303499075672
"106",121,"388","logmu",2009,12.0906804740786
"106",141,"388","logmu",2009,15.1192251508458
"106",121,"393","logmu",2009,10.4812425616445
"106",141,"393","logmu",2009,12.7055567560136
"106",121,"394","logmu",2009,11.1339864968021
"106",141,"394","logmu",2009,12.9949324747979
"106",121,"397","logmu",2009,9.29146938958986
"106",141,"397","logmu",2009,11.1122712533881
"106",121,"399","logmu",2009,10.6821775403626
"106",141,"399","logmu",2009,12.5656107322561
"106",121,"401","logmu",2009,10.8872116168241
"106",141,"401","logmu",2009,12.7071559116517
"106",121,"402","logmu",2009,5.21140466641837
"106",141,"402","logmu",2009,7.67189764239075
"106",121,"403","logmu",2009,10.7210596668002
"106",141,"403","logmu",2009,12.8286214843017
"106",121,"406","logmu",2009,8.58602816737443
"106",141,"406","logmu",2009,10.5372211130538
"106",121,"414","logmu",2009,10.1987503319642
"106",141,"414","logmu",2009,12.0875060520393
"106",121,"417","logmu",2009,9.36930690984051
"106",141,"417","logmu",2009,11.2517341974823
"106",121,"420","logmu",2009,8.98563668004005
"106",141,"420","logmu",2009,10.8442435097152
"106",121,"426","logmu",2009,11.1618272749138
"106",141,"426","logmu",2009,12.839939731135
"106",111,"44","logmu",2009,11.2671714756555
"106",121,"44","logmu",2009,7.4283518742506
"106",141,"446","logmu",2009,8.11144871895705
"106",121,"449","logmu",2009,11.4484931656606
"106",141,"449","logmu",2009,13.3449466613806
"106",121,"459","logmu",2009,NA
"106",141,"459","logmu",2009,NA
"106",111,"463","logmu",2009,9.53678095280369
"106",121,"463","logmu",2009,12.0906804740786
"106",141,"463","logmu",2009,14.0578013777566
"106",121,"486","logmu",2009,8.24709463020372
"106",141,"486","logmu",2009,13.2520936639858
"106",141,"489","logmu",2009,5.88986569778879
"106",121,"490","logmu",2009,10.2906535904322
"106",141,"490","logmu",2009,14.7096970528105
"106",121,"495","logmu",2009,10.5197418607952
"106",141,"495","logmu",2009,13.4643960529917
"106",121,"497","logmu",2009,9.98776557621316
"106",141,"497","logmu",2009,13.2076419014149
"106",121,"507","logmu",2009,7.63488768916515
"106",141,"507","logmu",2009,10.4048713465268
"106",141,"512","logmu",2009,9.33396510099515
"106",121,"515","logmu",2009,12.3627686749833
"106",141,"515","logmu",2009,13.981937052746
"106",121,"521","logmu",2009,9.86618746958823
"106",141,"521","logmu",2009,13.5043738093866
"106",121,"523","logmu",2009,4.92731584253272
"106",141,"523","logmu",2009,7.07887783223038
"106",121,"526","logmu",2009,10.2910742998243
"106",141,"526","logmu",2009,12.2295989690646
"106",121,"530","logmu",2009,6.11945418921165
"106",141,"530","logmu",2009,9.05537542540483
"106",121,"531","logmu",2009,8.85358410309691
"106",141,"531","logmu",2009,11.5982039889808
"106",121,"534","logmu",2009,9.37325311116384
"106",141,"534","logmu",2009,13.9581999891882
"106",121,"536","logmu",2009,9.92668272084064
"106",141,"536","logmu",2009,11.8637192279658
"106",121,"541","logmu",2009,5.91020538202591
"106",141,"541","logmu",2009,8.85464436119235
"106",121,"544","logmu",2009,9.8769097613162
"106",141,"544","logmu",2009,11.973186146742
"106",121,"547","logmu",2009,6.21492273468263
"106",141,"547","logmu",2009,8.32006057565525
"106",141,"550","logmu",2009,7.87416827788233
"106",121,"552","logmu",2009,4.25025098397183
"106",141,"552","logmu",2009,7.54543924315037
"106",141,"554","logmu",2009,5.24224177225292
"106",141,"558","logmu",2009,11.4372026239769
"106",111,"56","logmu",2009,10.137186081665
"106",121,"56","logmu",2009,9.14373836469408
"106",121,"560","logmu",2009,10.8097466286166
"106",141,"560","logmu",2009,13.8220360725859
"106",121,"569","logmu",2009,6.43814545942628
"106",141,"569","logmu",2009,8.56021877334688
"106",141,"571","logmu",2009,8.37385868830811
"106",141,"572","logmu",2009,9.07485886546506
"106",121,"574","logmu",2009,8.84686426287113
"106",141,"574","logmu",2009,10.8654528218277
"106",121,"577","logmu",2009,6.01414206572398
"106",141,"577","logmu",2009,8.77347185033662
"106",141,"603","logmu",2009,4.32070168449262
"106",121,"619","logmu",2009,8.46802561887393
"106",141,"619","logmu",2009,11.01865980675
"106",111,"71","logmu",2009,6.38689799942244
"106",121,"71","logmu",2009,NA
"106",111,"75","logmu",2009,10.3942311846549
"106",121,"75","logmu",2009,8.78479327222081
"106",111,"83","logmu",2009,7.25154449814426
"106",121,"83","logmu",2009,7.92053059900911
"106",121,"866","logmu",2009,11.5028938091765
"106",141,"882","logmu",2009,14.2814173852793
"106",121,"976","logmu",2009,12.4191845410507
"106",141,"982","logmu",2009,9.20030871618248
"106",121,"1016","logsigma",2009,0.0200633115874105
"106",141,"1020","logsigma",2009,0.020063311587414
"106",121,"1034","logsigma",2009,0.0200633115874105
"106",111,"1062","logsigma",2009,0.020063311587414
"106",121,"1062","logsigma",2009,0.0200633115874123
"106",141,"1062","logsigma",2009,0.020063311587414
"106",111,"108","logsigma",2009,0.0200633115874105
"106",121,"108","logsigma",2009,NA
"106",111,"116","logsigma",2009,0.0200633115874105
"106",121,"116","logsigma",2009,0.0200633115874105
"106",141,"116","logsigma",2009,0.020063311587414
"106",141,"1163","logsigma",2009,0.0200633115874123
"106",141,"1166","logsigma",2009,0.020063311587414
"106",141,"1182","logsigma",2009,0.0200633115874105
"106",141,"119","logsigma",2009,0.0200633115874105
"106",121,"122","logsigma",2009,0.0200633115874123
"106",141,"122","logsigma",2009,0.020063311587414
"106",111,"15","logsigma",2009,0.0200633115874105
"106",121,"15","logsigma",2009,0.020063311587414
"106",121,"157","logsigma",2009,0.020063311587414
"106",111,"176","logsigma",2009,0.020063311587414
"106",121,"176","logsigma",2009,0.020063311587414
"106",141,"176","logsigma",2009,0.0200633115874105
"106",111,"181","logsigma",2009,0.020063311587414
"106",121,"181","logsigma",2009,0.020063311587414
"106",141,"181","logsigma",2009,0.020063311587414
"106",111,"187","logsigma",2009,0.0200633115874123
"106",121,"187","logsigma",2009,0.0200633115874123
"106",141,"187","logsigma",2009,0.020063311587414
"106",111,"191","logsigma",2009,0.0200633115874123
"106",121,"191","logsigma",2009,0.0200633115874123
"106",141,"191","logsigma",2009,0.0200633115874105
"106",111,"201","logsigma",2009,0.0200633115874123
"106",121,"201","logsigma",2009,0.0200633115874123
"106",141,"201","logsigma",2009,0.0200633115874105
"106",111,"205","logsigma",2009,0.0200633115874123
"106",121,"205","logsigma",2009,0.0200633115874123
"106",111,"210","logsigma",2009,0.0200633115874123
"106",121,"210","logsigma",2009,0.0200633115874105
"106",111,"211","logsigma",2009,0.0200633115874123
"106",121,"211","logsigma",2009,0.0200633115874123
"106",121,"223","logsigma",2009,0.0200633115874123
"106",141,"223","logsigma",2009,0.020063311587414
"106",141,"229","logsigma",2009,0.0200633115874123
"106",141,"230","logsigma",2009,0.0200633115874123
"106",121,"234","logsigma",2009,0.0200633115874123
"106",111,"236","logsigma",2009,0.020063311587414
"106",121,"236","logsigma",2009,0.0200633115874105
"106",111,"242","logsigma",2009,NA
"106",121,"249","logsigma",2009,0.0200633115874123
"106",141,"249","logsigma",2009,0.0200633115874123
"106",141,"257","logsigma",2009,0.020063311587414
"106",121,"260","logsigma",2009,0.020063311587414
"106",141,"260","logsigma",2009,0.0200633115874105
"106",111,"267","logsigma",2009,0.0200633115874123
"106",121,"267","logsigma",2009,0.0200633115874105
"106",111,"27","logsigma",2009,0.0200633115874105
"106",111,"270","logsigma",2009,0.0200633115874123
"106",121,"270","logsigma",2009,0.0200633115874123
"106",111,"289","logsigma",2009,0.0200633115874123
"106",121,"289","logsigma",2009,0.0200633115874123
"106",111,"292","logsigma",2009,NA
"106",141,"293","logsigma",2009,NA
"106",111,"333","logsigma",2009,0.0200633115874123
"106",111,"336","logsigma",2009,NA
"106",121,"339","logsigma",2009,0.020063311587414
"106",121,"358","logsigma",2009,0.020063311587414
"106",141,"358","logsigma",2009,0.020063311587414
"106",121,"366","logsigma",2009,0.0200633115874105
"106",141,"366","logsigma",2009,0.020063311587414
"106",121,"367","logsigma",2009,0.020063311587414
"106",141,"367","logsigma",2009,0.0200633115874105
"106",121,"373","logsigma",2009,0.0200633115874105
"106",141,"373","logsigma",2009,0.020063311587414
"106",121,"388","logsigma",2009,0.020063311587414
"106",141,"388","logsigma",2009,0.020063311587414
"106",121,"393","logsigma",2009,0.0200633115874105
"106",141,"393","logsigma",2009,0.020063311587414
"106",121,"394","logsigma",2009,0.020063311587414
"106",141,"394","logsigma",2009,0.0200633115874105
"106",121,"397","logsigma",2009,0.020063311587414
"106",141,"397","logsigma",2009,0.020063311587414
"106",121,"399","logsigma",2009,0.020063311587414
"106",141,"399","logsigma",2009,0.020063311587414
"106",121,"401","logsigma",2009,0.020063311587414
"106",141,"401","logsigma",2009,0.0200633115874105
"106",121,"402","logsigma",2009,0.0200633115874123
"106",141,"402","logsigma",2009,0.0200633115874123
"106",121,"403","logsigma",2009,0.0200633115874105
"106",141,"403","logsigma",2009,0.0200633115874105
"106",121,"406","logsigma",2009,0.020063311587414
"106",141,"406","logsigma",2009,0.0200633115874105
"106",121,"414","logsigma",2009,0.020063311587414
"106",141,"414","logsigma",2009,0.0200633115874105
"106",121,"417","logsigma",2009,0.0200633115874105
"106",141,"417","logsigma",2009,0.020063311587414
"106",121,"420","logsigma",2009,0.020063311587414
"106",141,"420","logsigma",2009,0.020063311587414
"106",121,"426","logsigma",2009,0.0200633115874105
"106",141,"426","logsigma",2009,0.020063311587414
"106",111,"44","logsigma",2009,0.0200633115874105
"106",121,"44","logsigma",2009,0.0200633115874123
"106",141,"446","logsigma",2009,0.0200633115874105
"106",121,"449","logsigma",2009,0.0200633115874105
"106",141,"449","logsigma",2009,0.020063311587414
"106",121,"459","logsigma",2009,NA
"106",141,"459","logsigma",2009,NA
"106",111,"463","logsigma",2009,0.0200633115874105
"106",121,"463","logsigma",2009,0.020063311587414
"106",141,"463","logsigma",2009,0.020063311587414
"106",121,"486","logsigma",2009,0.020063311587414
"106",141,"486","logsigma",2009,0.0200633115874105
"106",141,"489","logsigma",2009,0.0200633115874123
"106",121,"490","logsigma",2009,0.0200633115874105
"106",141,"490","logsigma",2009,0.0200633115874105
"106",121,"495","logsigma",2009,0.0200633115874105
"106",141,"495","logsigma",2009,0.020063311587414
"106",121,"497","logsigma",2009,0.020063311587414
"106",141,"497","logsigma",2009,0.0200633115874105
"106",121,"507","logsigma",2009,0.0200633115874123
"106",141,"507","logsigma",2009,0.020063311587414
"106",141,"512","logsigma",2009,0.020063311587414
"106",121,"515","logsigma",2009,0.0200633115874105
"106",141,"515","logsigma",2009,0.020063311587414
"106",121,"521","logsigma",2009,0.0200633115874105
"106",141,"521","logsigma",2009,0.0200633115874105
"106",121,"523","logsigma",2009,0.0200633115874123
"106",141,"523","logsigma",2009,0.0200633115874123
"106",121,"526","logsigma",2009,0.0200633115874105
"106",141,"526","logsigma",2009,0.0200633115874105
"106",121,"530","logsigma",2009,0.0200633115874123
"106",141,"530","logsigma",2009,0.020063311587414
"106",121,"531","logsigma",2009,0.0200633115874105
"106",141,"531","logsigma",2009,0.020063311587414
"106",121,"534","logsigma",2009,0.0200633115874105
"106",141,"534","logsigma",2009,0.020063311587414
"106",121,"536","logsigma",2009,0.0200633115874105
"106",141,"536","logsigma",2009,0.0200633115874105
"106",121,"541","logsigma",2009,0.0200633115874123
"106",141,"541","logsigma",2009,0.020063311587414
"106",121,"544","logsigma",2009,0.0200633115874105
"106",141,"544","logsigma",2009,0.020063311587414
"106",121,"547","logsigma",2009,0.0200633115874123
"106",141,"547","logsigma",2009,0.020063311587414
"106",141,"550","logsigma",2009,0.0200633115874123
"106",121,"552","logsigma",2009,0.0200633115874123
"106",141,"552","logsigma",2009,0.0200633115874123
"106",141,"554","logsigma",2009,0.0200633115874123
"106",141,"558","logsigma",2009,0.020063311587414
"106",111,"56","logsigma",2009,0.0200633115874105
"106",121,"56","logsigma",2009,0.0200633115874105
"106",121,"560","logsigma",2009,0.0200633115874105
"106",141,"560","logsigma",2009,0.0200633115874105
"106",121,"569","logsigma",2009,0.0200633115874123
"106",141,"569","logsigma",2009,0.020063311587414
"106",141,"571","logsigma",2009,0.020063311587414
"106",141,"572","logsigma",2009,0.0200633115874105
"106",121,"574","logsigma",2009,0.0200633115874105
"106",141,"574","logsigma",2009,0.0200633115874105
"106",121,"577","logsigma",2009,0.0200633115874123
"106",141,"577","logsigma",2009,0.0200633115874105
"106",141,"603","logsigma",2009,0.0200633115874123
"106",121,"619","logsigma",2009,0.0200633115874105
"106",141,"619","logsigma",2009,0.0200633115874105
"106",111,"71","logsigma",2009,0.0200633115874123
"106",121,"71","logsigma",2009,NA
"106",111,"75","logsigma",2009,0.020063311587414
"106",121,"75","logsigma",2009,0.0200633115874105
"106",111,"83","logsigma",2009,0.0200633115874123
"106",121,"83","logsigma",2009,0.0200633115874123
"106",121,"866","logsigma",2009,0.0200633115874105
"106",141,"882","logsigma",2009,0.020063311587414
"106",121,"976","logsigma",2009,0.020063311587414
"106",141,"982","logsigma",2009,0.0200633115874105
"106",101,"101","alpha",2009,49.343892426431
"106",101,"1020","alpha",2009,49.343892426431
"106",101,"108","alpha",2009,49.3438924264311
"106",101,"116","alpha",2009,49.343892426431
"106",101,"122","alpha",2009,49.343892426431
"106",101,"149","alpha",2009,49.3438924264311
"106",101,"15","alpha",2009,49.343892426431
"106",101,"157","alpha",2009,49.343892426431
"106",101,"181","alpha",2009,49.343892426431
"106",101,"187","alpha",2009,49.343892426431
"106",101,"205","alpha",2009,49.343892426431
"106",101,"210","alpha",2009,49.343892426431
"106",101,"236","alpha",2009,49.343892426431
"106",101,"267","alpha",2009,49.343892426431
"106",101,"270","alpha",2009,NA
"106",101,"44","alpha",2009,49.343892426431
"106",101,"461","alpha",2009,49.3438924264311
"106",101,"463","alpha",2009,49.343892426431
"106",101,"56","alpha",2009,49.343892426431
"106",101,"71","alpha",2009,49.343892426431
"106",101,"75","alpha",2009,49.343892426431
"106",101,"79","alpha",2009,49.343892426431
"106",101,"83","alpha",2009,49.3438924264311
"106",101,"882","alpha",2009,49.343892426431
"106",101,"951","alpha",2009,49.343892426431
"106",101,"982","alpha",2009,49.343892426431
"106",101,"101","beta",2009,0.00836337159770018
"106",101,"1020","beta",2009,0.0123359731066078
"106",101,"108","beta",2009,0.00163867868047393
"106",101,"116","beta",2009,0.000975176791918654
"106",101,"122","beta",2009,0.0986877848528621
"106",101,"149","beta",2009,0.0240467312019645
"106",101,"15","beta",2009,0.000036551031426986
"106",101,"157","beta",2009,0.00316327280123284
"106",101,"181","beta",2009,0.00109653094280958
"106",101,"187","beta",2009,0.00112145210060071
"106",101,"205","beta",2009,0.00636695386147497
"106",101,"210","beta",2009,0.0107269331361807
"106",101,"236","beta",2009,0.000822398207107184
"106",101,"267","beta",2009,0.000986877848528621
"106",101,"270","beta",2009,NA
"106",101,"44","beta",2009,0.0000396655083813754
"106",101,"461","beta",2009,0.00129965213017702
"106",101,"463","beta",2009,0.000246719462132155
"106",101,"56","beta",2009,0.00000577121548847147
"106",101,"71","beta",2009,0.00274132735702395
"106",101,"75","beta",2009,0.000145129095371856
"106",101,"79","beta",2009,0.00726286317727863
"106",101,"83","beta",2009,0.000185384520721064
"106",101,"882","beta",2009,0.00164479641421437
"106",101,"951","beta",2009,0.00123746438686974
"106",101,"982","beta",2009,0.000704912748949015
"106",51,"1016","mu",2009,427000
"106",51,"1020","mu",2009,22592
"106",51,"1034","mu",2009,14000000
"106",51,"1062","mu",2009,812500
"106",51,"108","mu",2009,53500
"106",51,"116","mu",2009,1753217
"106",51,"1166","mu",2009,26936
"106",51,"1182","mu",2009,10224
"106",51,"122","mu",2009,7771
"106",51,"15","mu",2009,6534746
"106",51,"157","mu",2009,3307681
"106",51,"162","mu",2009,553000
"106",51,"176","mu",2009,11844
"106",51,"181","mu",2009,97408
"106",51,"187","mu",2009,28655
"106",51,"191","mu",2009,7708
"106",51,"201","mu",2009,1457
"106",51,"205","mu",2009,8500
"106",51,"210","mu",2009,5000
"106",51,"211","mu",2009,4000
"106",51,"221","mu",2009,106660
"106",51,"222","mu",2009,12000
"106",51,"223","mu",2009,3110
"106",51,"225","mu",2009,106600
"106",51,"234","mu",2009,1770
"106",51,"236","mu",2009,468200
"106",51,"242","mu",2009,0
"106",51,"260","mu",2009,3286600
"106",51,"265","mu",2009,0
"106",51,"267","mu",2009,280200
"106",51,"27","mu",2009,1620400
"106",51,"270","mu",2009,50200
"106",51,"289","mu",2009,1500
"106",51,"292","mu",2009,0
"106",51,"293","mu",2009,0
"106",51,"333","mu",2009,2000
"106",51,"336","mu",2009,0
"106",51,"339","mu",2009,70000
"106",51,"358","mu",2009,338087
"106",51,"366","mu",2009,486595
"106",51,"367","mu",2009,44577
"106",51,"373","mu",2009,89443
"106",51,"388","mu",2009,6878161
"106",51,"393","mu",2009,395637
"106",51,"394","mu",2009,509491
"106",51,"397","mu",2009,69817
"106",51,"399","mu",2009,316809
"106",51,"401","mu",2009,323869
"106",51,"402","mu",2009,0
"106",51,"403","mu",2009,384418
"106",51,"406","mu",2009,26403
"106",51,"414","mu",2009,192214
"106",51,"417","mu",2009,89780
"106",51,"420","mu",2009,51128
"106",51,"426","mu",2009,523330
"106",51,"44","mu",2009,1049200
"106",51,"449","mu",2009,720100
"106",51,"461","mu",2009,30020
"106",51,"463","mu",2009,2100000
"106",51,"486","mu",2009,372
"106",51,"490","mu",2009,2421284
"106",51,"495","mu",2009,826825
"106",51,"497","mu",2009,544532
"106",51,"507","mu",2009,7125
"106",51,"512","mu",2009,26182
"106",51,"515","mu",2009,2325653
"106",51,"521","mu",2009,872368
"106",51,"523","mu",2009,645
"106",51,"526","mu",2009,215121
"106",51,"530","mu",2009,8000
"106",51,"531","mu",2009,116179
"106",51,"534","mu",2009,1691788
"106",51,"536","mu",2009,189303
"106",51,"541","mu",2009,7450
"106",51,"544","mu",2009,163044
"106",51,"547","mu",2009,1956
"106",51,"550","mu",2009,760
"106",51,"552","mu",2009,1526
"106",51,"558","mu",2009,92000
"106",51,"56","mu",2009,7877700
"106",51,"560","mu",2009,8242500
"106",51,"569","mu",2009,12106
"106",51,"619","mu",2009,66000
"106",51,"71","mu",2009,11700
"106",51,"75","mu",2009,315100
"106",51,"754","mu",2009,300
"106",51,"83","mu",2009,243400
"106",51,"866","mu",2009,2600000
"106",51,"882","mu",2009,10560292
"106",51,"951","mu",2009,174875
"106",51,"976","mu",2009,5350000
"106",51,"982","mu",2009,440668
"106",61,"101","mu",2009,5931
"106",61,"1016","mu",2009,12048
"106",61,"1034","mu",2009,729395
"106",61,"1057","mu",2009,6616
"106",61,"1062","mu",2009,23446
"106",61,"1079","mu",2009,2899
"106",61,"108","mu",2009,47406
"106",61,"1096","mu",2009,46333
"106",61,"1140","mu",2009,21
"106",61,"116","mu",2009,598157
"106",61,"1163","mu",2009,2983
"106",61,"1166","mu",2009,1866
"106",61,"1168","mu",2009,25970
"106",61,"1182","mu",2009,15171
"106",61,"119","mu",2009,32692
"106",61,"122","mu",2009,13445
"106",61,"1275","mu",2009,72651
"106",61,"129","mu",2009,688
"106",61,"149","mu",2009,2074
"106",61,"15","mu",2009,6479094
"106",61,"156","mu",2009,48
"106",61,"157","mu",2009,921
"106",61,"162","mu",2009,32387
"106",61,"176","mu",2009,96003
"106",61,"181","mu",2009,55618
"106",61,"187","mu",2009,106145
"106",61,"191","mu",2009,22589
"106",61,"201","mu",2009,29957
"106",61,"211","mu",2009,1319
"106",61,"221","mu",2009,1426
"106",61,"222","mu",2009,23399
"106",61,"223","mu",2009,10282
"106",61,"225","mu",2009,4111
"106",61,"229","mu",2009,1037
"106",61,"230","mu",2009,3825
"106",61,"234","mu",2009,13474
"106",61,"236","mu",2009,1368041
"106",61,"242","mu",2009,16140
"106",61,"249","mu",2009,6179
"106",61,"256","mu",2009,0
"106",61,"257","mu",2009,970051
"106",61,"260","mu",2009,8041
"106",61,"265","mu",2009,0
"106",61,"267","mu",2009,356170
"106",61,"27","mu",2009,39463
"106",61,"270","mu",2009,93316
"106",61,"280","mu",2009,0
"106",61,"289","mu",2009,5602
"106",61,"292","mu",2009,384
"106",61,"293","mu",2009,0
"106",61,"333","mu",2009,19721
"106",61,"336","mu",2009,2337
"106",61,"339","mu",2009,8053
"106",61,"358","mu",2009,18607
"106",61,"366","mu",2009,19901
"106",61,"367","mu",2009,4047
"106",61,"373","mu",2009,2085
"106",61,"388","mu",2009,130208
"106",61,"393","mu",2009,22098
"106",61,"394","mu",2009,22424
"106",61,"397","mu",2009,14448
"106",61,"399","mu",2009,21742
"106",61,"401","mu",2009,91725
"106",61,"402","mu",2009,3704
"106",61,"403","mu",2009,73148
"106",61,"406","mu",2009,27700
"106",61,"414","mu",2009,16559
"106",61,"417","mu",2009,1306
"106",61,"420","mu",2009,10934
"106",61,"426","mu",2009,23602
"106",61,"44","mu",2009,647709
"106",61,"446","mu",2009,4011
"106",61,"449","mu",2009,8402
"106",61,"459","mu",2009,0
"106",61,"461","mu",2009,9267
"106",61,"463","mu",2009,43102
"106",61,"486","mu",2009,684104
"106",61,"489","mu",2009,4324
"106",61,"490","mu",2009,194828
"106",61,"495","mu",2009,87317
"106",61,"497","mu",2009,105429
"106",61,"507","mu",2009,34675
"106",61,"512","mu",2009,608
"106",61,"515","mu",2009,37212
"106",61,"521","mu",2009,128630
"106",61,"523","mu",2009,749
"106",61,"526","mu",2009,32925
"106",61,"530","mu",2009,1184
"106",61,"531","mu",2009,9741
"106",61,"534","mu",2009,78009
"106",61,"536","mu",2009,17454
"106",61,"541","mu",2009,0
"106",61,"544","mu",2009,33674
"106",61,"547","mu",2009,3096
"106",61,"550","mu",2009,2053
"106",61,"552","mu",2009,835
"106",61,"554","mu",2009,204
"106",61,"558","mu",2009,2179
"106",61,"56","mu",2009,2202366
"106",61,"560","mu",2009,23355
"106",61,"569","mu",2009,525
"106",61,"571","mu",2009,9401
"106",61,"572","mu",2009,21582
"106",61,"574","mu",2009,140453
"106",61,"577","mu",2009,8266
"106",61,"603","mu",2009,76
"106",61,"619","mu",2009,30162
"106",61,"656","mu",2009,456987
"106",61,"661","mu",2009,73274
"106",61,"71","mu",2009,13915
"106",61,"75","mu",2009,30234
"106",61,"754","mu",2009,0
"106",61,"79","mu",2009,6875
"106",61,"83","mu",2009,34699
"106",61,"866","mu",2009,1130587
"106",61,"882","mu",2009,1690087
"106",61,"946","mu",2009,0
"106",61,"976","mu",2009,1501456
"106",91,"101","mu",2009,31
"106",91,"1016","mu",2009,0
"106",91,"1034","mu",2009,71350
"106",91,"1057","mu",2009,14810
"106",91,"1062","mu",2009,19075
"106",91,"1079","mu",2009,2631
"106",91,"108","mu",2009,2294
"106",91,"1096","mu",2009,745
"106",91,"1140","mu",2009,0
"106",91,"116","mu",2009,148353
"106",91,"1163","mu",2009,1979
"106",91,"1166","mu",2009,724
"106",91,"1168","mu",2009,12899
"106",91,"1182","mu",2009,3405
"106",91,"119","mu",2009,65
"106",91,"122","mu",2009,5877
"106",91,"1275","mu",2009,8789
"106",91,"129","mu",2009,0
"106",91,"149","mu",2009,22
"106",91,"15","mu",2009,209042
"106",91,"156","mu",2009,19
"106",91,"157","mu",2009,3
"106",91,"162","mu",2009,941
"106",91,"176","mu",2009,5361
"106",91,"181","mu",2009,847
"106",91,"187","mu",2009,5799
"106",91,"191","mu",2009,2628
"106",91,"201","mu",2009,1445
"106",91,"211","mu",2009,4270
"106",91,"221","mu",2009,654
"106",91,"222","mu",2009,494
"106",91,"223","mu",2009,759
"106",91,"225","mu",2009,1579
"106",91,"229","mu",2009,475
"106",91,"230","mu",2009,927
"106",91,"234","mu",2009,1005
"106",91,"236","mu",2009,71655
"106",91,"242","mu",2009,304
"106",91,"249","mu",2009,73
"106",91,"256","mu",2009,0
"106",91,"257","mu",2009,59375
"106",91,"260","mu",2009,1027
"106",91,"265","mu",2009,0
"106",91,"267","mu",2009,20770
"106",91,"27","mu",2009,15065
"106",91,"270","mu",2009,8011
"106",91,"280","mu",2009,0
"106",91,"289","mu",2009,82
"106",91,"292","mu",2009,9
"106",91,"293","mu",2009,0
"106",91,"333","mu",2009,1356
"106",91,"336","mu",2009,704
"106",91,"339","mu",2009,179
"106",91,"358","mu",2009,65556
"106",91,"366","mu",2009,3239
"106",91,"367","mu",2009,2552
"106",91,"373","mu",2009,5384
"106",91,"388","mu",2009,93185
"106",91,"393","mu",2009,48838
"106",91,"394","mu",2009,18151
"106",91,"397","mu",2009,5647
"106",91,"399","mu",2009,5117
"106",91,"401","mu",2009,28137
"106",91,"402","mu",2009,1350
"106",91,"403","mu",2009,35317
"106",91,"406","mu",2009,10620
"106",91,"414","mu",2009,2203
"106",91,"417","mu",2009,1455
"106",91,"420","mu",2009,2239
"106",91,"426","mu",2009,95053
"106",91,"44","mu",2009,7408
"106",91,"446","mu",2009,645
"106",91,"449","mu",2009,2849
"106",91,"459","mu",2009,0
"106",91,"461","mu",2009,1320
"106",91,"463","mu",2009,169591
"106",91,"486","mu",2009,105621
"106",91,"489","mu",2009,3959
"106",91,"490","mu",2009,78359
"106",91,"495","mu",2009,95729
"106",91,"497","mu",2009,39983
"106",91,"507","mu",2009,6357
"106",91,"512","mu",2009,323
"106",91,"515","mu",2009,732794
"106",91,"521","mu",2009,134536
"106",91,"523","mu",2009,56
"106",91,"526","mu",2009,11455
"106",91,"530","mu",2009,74
"106",91,"531","mu",2009,4850
"106",91,"534","mu",2009,357909
"106",91,"536","mu",2009,40630
"106",91,"541","mu",2009,0
"106",91,"544","mu",2009,17000
"106",91,"547","mu",2009,400
"106",91,"550","mu",2009,158
"106",91,"552","mu",2009,379
"106",91,"554","mu",2009,13
"106",91,"558","mu",2009,537
"106",91,"56","mu",2009,66411
"106",91,"560","mu",2009,393750
"106",91,"569","mu",2009,1727
"106",91,"571","mu",2009,5025
"106",91,"572","mu",2009,12761
"106",91,"574","mu",2009,18566
"106",91,"577","mu",2009,1327
"106",91,"603","mu",2009,0
"106",91,"619","mu",2009,15737
"106",91,"656","mu",2009,6738
"106",91,"661","mu",2009,432
"106",91,"71","mu",2009,1901
"106",91,"75","mu",2009,395
"106",91,"754","mu",2009,0
"106",91,"79","mu",2009,81
"106",91,"83","mu",2009,7723
"106",91,"866","mu",2009,27321
"106",91,"882","mu",2009,10855
"106",91,"946","mu",2009,0
"106",91,"976","mu",2009,2779
"106",151,"1168","lambda",2009,13071
"106",151,"119","lambda",2009,27627
"106",151,"1275","lambda",2009,63862
"106",151,"129","lambda",2009,688
"106",151,"156","lambda",2009,29
"106",151,"221","lambda",2009,1800
"106",151,"222","lambda",2009,1769.95
"106",151,"256","lambda",2009,0
"106",151,"257","lambda",2009,835676
"106",151,"270","lambda",2009,5000
"106",151,"333","lambda",2009,0
"106",151,"512","lambda",2009,8037
"106",71,"1016","mu",2009,49974.1816497316
"106",71,"1020","mu",2009,-2238.99604514571
"106",71,"1034","mu",2009,-1312045.3356327
"106",71,"1062","mu",2009,-120961.234924079
"106",71,"108","mu",2009,4665.07867819584
"106",71,"116","mu",2009,-49636.0788459099
"106",71,"1166","mu",2009,5022.96759947271
"106",71,"1182","mu",2009,366.547007624133
"106",71,"122","mu",2009,-76.4589307239286
"106",71,"15","mu",2009,-816886.087409151
"106",71,"157","mu",2009,146113.41470119
"106",71,"162","mu",2009,16329.4029414699
"106",71,"176","mu",2009,643.561934809226
"106",71,"181","mu",2009,18301.7304786149
"106",71,"187","mu",2009,34.2886656513248
"106",71,"191","mu",2009,524.05119648382
"106",71,"201","mu",2009,-478.318060416254
"106",71,"205","mu",2009,-330.321316281855
"106",71,"210","mu",2009,-601.047678275442
"106",71,"211","mu",2009,-347.506825191134
"106",71,"221","mu",2009,-2787.76358381366
"106",71,"222","mu",2009,485.15313985182
"106",71,"223","mu",2009,16.8767728310777
"106",71,"225","mu",2009,-10417.3047779189
"106",71,"234","mu",2009,-187.300762854514
"106",71,"236","mu",2009,-4502.79473579041
"106",71,"242","mu",2009,0
"106",71,"260","mu",2009,-364605.74872217
"106",71,"265","mu",2009,0
"106",71,"267","mu",2009,-16867.5363436808
"106",71,"27","mu",2009,-209267.495639839
"106",71,"270","mu",2009,-4328.79558059272
"106",71,"289","mu",2009,158.027212651913
"106",71,"292","mu",2009,0
"106",71,"293","mu",2009,0
"106",71,"333","mu",2009,81.4420618323538
"106",71,"336","mu",2009,0
"106",71,"339","mu",2009,-2937.35488799682
"106",71,"358","mu",2009,59481.7246989781
"106",71,"366","mu",2009,-71683.1729074237
"106",71,"367","mu",2009,-4591.28664468708
"106",71,"373","mu",2009,-4943.47677773048
"106",71,"388","mu",2009,787247.679136059
"106",71,"393","mu",2009,-51135.1778353457
"106",71,"394","mu",2009,24903.4672513101
"106",71,"397","mu",2009,-3935.63808700916
"106",71,"399","mu",2009,3955.15977831449
"106",71,"401","mu",2009,-26232.7065308368
"106",71,"402","mu",2009,0
"106",71,"403","mu",2009,6955.75288961143
"106",71,"406","mu",2009,1931.65675659906
"106",71,"414","mu",2009,22207.9441129399
"106",71,"417","mu",2009,-88.4413333913082
"106",71,"420","mu",2009,3659.81977146048
"106",71,"426","mu",2009,29398.0360369744
"106",71,"44","mu",2009,-53993.9814840612
"106",71,"449","mu",2009,116301.511946047
"106",71,"461","mu",2009,559.208923949864
"106",71,"463","mu",2009,-240086.923829154
"106",71,"486","mu",2009,-38.5355169494069
"106",71,"490","mu",2009,-62461.6983651911
"106",71,"495","mu",2009,456.141446348758
"106",71,"497","mu",2009,73539.4607992463
"106",71,"507","mu",2009,261.969777944204
"106",71,"512","mu",2009,-3863.60500265081
"106",71,"515","mu",2009,-307964.75921692
"106",71,"521","mu",2009,72434.5606479967
"106",71,"523","mu",2009,-14.9398523545968
"106",71,"526","mu",2009,22898.814210265
"106",71,"530","mu",2009,-240.696357535161
"106",71,"531","mu",2009,389.495750977939
"106",71,"534","mu",2009,100649.646395897
"106",71,"536","mu",2009,-20585.0929033263
"106",71,"541","mu",2009,1266.77149716079
"106",71,"544","mu",2009,488.250574350596
"106",71,"547","mu",2009,-209.730345488852
"106",71,"550","mu",2009,-33.4292334857045
"106",71,"552","mu",2009,105.925665388129
"106",71,"558","mu",2009,-802.681143360365
"106",71,"56","mu",2009,904752.788046901
"106",71,"560","mu",2009,-425180.114812868
"106",71,"569","mu",2009,1057.60158792414
"106",71,"619","mu",2009,-6146.22353561775
"106",71,"71","mu",2009,-10.9530385416753
"106",71,"75","mu",2009,-19857.0586619694
"106",71,"754","mu",2009,3.78172987653313
"106",71,"83","mu",2009,-36197.2728452369
"106",71,"866","mu",2009,-113495.754677455
"106",71,"882","mu",2009,-79356.0652321577
"106",71,"951","mu",2009,12714.9537994465
"106",71,"976","mu",2009,15283.4792209612
"106",71,"982","mu",2009,5736.38489273718
"106",171,"1020","mu",2009,2325.46798817229
"106",171,"1062","mu",2009,163382.966139321
"106",171,"116","mu",2009,290531.04839044
"106",171,"1163","mu",2009,38.5748240649812
"106",171,"1166","mu",2009,1052.72250368324
"106",171,"1182","mu",2009,-1308.46772631628
"106",171,"119","mu",2009,102.633991402063
"106",171,"122","mu",2009,-1655.32965530346
"106",171,"176","mu",2009,3763.63084326113
"106",171,"181","mu",2009,-17843.8922952474
"106",171,"187","mu",2009,8520.58045370011
"106",171,"191","mu",2009,-359.706995623248
"106",171,"201","mu",2009,2907.98621952538
"106",171,"223","mu",2009,-2095.40705260558
"106",171,"229","mu",2009,-8.43382944393334
"106",171,"230","mu",2009,-543.413441566317
"106",171,"249","mu",2009,224.503425321348
"106",171,"257","mu",2009,-5644.67028505088
"106",171,"260","mu",2009,353.644018400078
"106",171,"293","mu",2009,0
"106",171,"358","mu",2009,6428.17378907973
"106",171,"366","mu",2009,-3637.49043400138
"106",171,"367","mu",2009,-279.951106849439
"106",171,"373","mu",2009,-6395.71895877153
"106",171,"388","mu",2009,-546180.998406153
"106",171,"393","mu",2009,-22516.8851823198
"106",171,"394","mu",2009,-81804.8240986641
"106",171,"397","mu",2009,-2937.31137655103
"106",171,"399","mu",2009,-52014.7706102558
"106",171,"401","mu",2009,140.199493448822
"106",171,"402","mu",2009,161.886903038244
"106",171,"403","mu",2009,40260.3369664573
"106",171,"406","mu",2009,-2753.44674755626
"106",171,"414","mu",2009,-20344.5985727316
"106",171,"417","mu",2009,3105.6363010628
"106",171,"420","mu",2009,1805.17470813413
"106",171,"426","mu",2009,-41586.4840846767
"106",171,"446","mu",2009,666.322783690078
"106",171,"449","mu",2009,-75680.3126742901
"106",171,"459","mu",2009,0
"106",171,"463","mu",2009,49303.7208663781
"106",171,"486","mu",2009,-6968.73700395641
"106",171,"489","mu",2009,-54.3355290568868
"106",171,"490","mu",2009,561143.876031642
"106",171,"495","mu",2009,-29317.6329648615
"106",171,"497","mu",2009,6667.96618982904
"106",171,"507","mu",2009,353.238158092225
"106",171,"512","mu",2009,2758.66654187392
"106",171,"515","mu",2009,61065.3612371969
"106",171,"521","mu",2009,-80050.529143279
"106",171,"523","mu",2009,273.706841442401
"106",171,"526","mu",2009,230.363442223497
"106",171,"530","mu",2009,-761.484209994955
"106",171,"531","mu",2009,9864.83750277307
"106",171,"534","mu",2009,331394.465284985
"106",171,"536","mu",2009,17933.1152099489
"106",171,"541","mu",2009,3.34345573270638
"106",171,"544","mu",2009,17619.0537399067
"106",171,"547","mu",2009,-355.091910853983
"106",171,"550","mu",2009,-276.825508239275
"106",171,"552","mu",2009,142.502413827354
"106",171,"554","mu",2009,11.3830672176825
"106",171,"558","mu",2009,691.06856378231
"106",171,"560","mu",2009,44082.1523160133
"106",171,"569","mu",2009,185.229466779066
"106",171,"571","mu",2009,368.819682532984
"106",171,"572","mu",2009,448.944649083471
"106",171,"574","mu",2009,-2394.89685741082
"106",171,"577","mu",2009,-646.214880411448
"106",171,"603","mu",2009,-5.97094435245564
"106",171,"619","mu",2009,9433.57790155859
"106",171,"882","mu",2009,-12137.8209960515
"106",171,"982","mu",2009,-357.469216149332
"106",181,"101","lambda",2009,0
"106",181,"1016","lambda",2009,0
"106",181,"1020","lambda",2009,0
"106",181,"1034","lambda",2009,0
"106",181,"1057","lambda",2009,0
"106",181,"1062","lambda",2009,0
"106",181,"1079","lambda",2009,0
"106",181,"108","lambda",2009,0
"106",181,"1096","lambda",2009,0
"106",181,"1140","lambda",2009,0
"106",181,"116","lambda",2009,0
"106",181,"1163","lambda",2009,0
"106",181,"1166","lambda",2009,0
"106",181,"1168","lambda",2009,0
"106",181,"1182","lambda",2009,0
"106",181,"119","lambda",2009,0
"106",181,"122","lambda",2009,0
"106",181,"1275","lambda",2009,0
"106",181,"129","lambda",2009,0
"106",181,"149","lambda",2009,0
"106",181,"15","lambda",2009,0
"106",181,"156","lambda",2009,0
"106",181,"157","lambda",2009,0
"106",181,"162","lambda",2009,0
"106",181,"176","lambda",2009,0
"106",181,"181","lambda",2009,0
"106",181,"187","lambda",2009,0
"106",181,"191","lambda",2009,0
"106",181,"201","lambda",2009,0
"106",181,"205","lambda",2009,0
"106",181,"210","lambda",2009,0
"106",181,"211","lambda",2009,0
"106",181,"221","lambda",2009,0
"106",181,"222","lambda",2009,0
"106",181,"223","lambda",2009,0
"106",181,"225","lambda",2009,0
"106",181,"229","lambda",2009,0
"106",181,"230","lambda",2009,0
"106",181,"234","lambda",2009,0
"106",181,"236","lambda",2009,0
"106",181,"242","lambda",2009,0
"106",181,"249","lambda",2009,0
"106",181,"256","lambda",2009,0
"106",181,"257","lambda",2009,0
"106",181,"260","lambda",2009,0
"106",181,"265","lambda",2009,0
"106",181,"267","lambda",2009,0
"106",181,"27","lambda",2009,0
"106",181,"270","lambda",2009,0
"106",181,"280","lambda",2009,0
"106",181,"289","lambda",2009,0
"106",181,"292","lambda",2009,0
"106",181,"293","lambda",2009,0
"106",181,"333","lambda",2009,0
"106",181,"336","lambda",2009,0
"106",181,"339","lambda",2009,0
"106",181,"358","lambda",2009,0
"106",181,"366","lambda",2009,0
"106",181,"367","lambda",2009,0
"106",181,"373","lambda",2009,0
"106",181,"388","lambda",2009,0
"106",181,"393","lambda",2009,0
"106",181,"394","lambda",2009,0
"106",181,"397","lambda",2009,0
"106",181,"399","lambda",2009,0
"106",181,"401","lambda",2009,0
"106",181,"402","lambda",2009,0
"106",181,"403","lambda",2009,0
"106",181,"406","lambda",2009,0
"106",181,"414","lambda",2009,0
"106",181,"417","lambda",2009,0
"106",181,"420","lambda",2009,0
"106",181,"426","lambda",2009,0
"106",181,"44","lambda",2009,0
"106",181,"446","lambda",2009,0
"106",181,"449","lambda",2009,0
"106",181,"459","lambda",2009,0
"106",181,"461","lambda",2009,0
"106",181,"463","lambda",2009,0
"106",181,"486","lambda",2009,0
"106",181,"489","lambda",2009,0
"106",181,"490","lambda",2009,0
"106",181,"495","lambda",2009,0
"106",181,"497","lambda",2009,0
"106",181,"507","lambda",2009,0
"106",181,"512","lambda",2009,0
"106",181,"515","lambda",2009,0
"106",181,"521","lambda",2009,0
"106",181,"523","lambda",2009,0
"106",181,"526","lambda",2009,0
"106",181,"530","lambda",2009,0
"106",181,"531","lambda",2009,0
"106",181,"534","lambda",2009,0
"106",181,"536","lambda",2009,0
"106",181,"541","lambda",2009,0
"106",181,"544","lambda",2009,0
"106",181,"547","lambda",2009,0
"106",181,"550","lambda",2009,0
"106",181,"552","lambda",2009,0
"106",181,"554","lambda",2009,0
"106",181,"558","lambda",2009,0
"106",181,"56","lambda",2009,0
"106",181,"560","lambda",2009,0
"106",181,"569","lambda",2009,0
"106",181,"571","lambda",2009,0
"106",181,"572","lambda",2009,0
"106",181,"574","lambda",2009,0
"106",181,"577","lambda",2009,0
"106",181,"603","lambda",2009,0
"106",181,"619","lambda",2009,0
"106",181,"656","lambda",2009,0
"106",181,"661","lambda",2009,0
"106",181,"71","lambda",2009,0
"106",181,"75","lambda",2009,0
"106",181,"754","lambda",2009,0
"106",181,"79","lambda",2009,0
"106",181,"83","lambda",2009,0
"106",181,"866","lambda",2009,0
"106",181,"882","lambda",2009,0
"106",181,"946","lambda",2009,0
"106",181,"951","lambda",2009,0
"106",181,"976","lambda",2009,0
"106",181,"982","lambda",2009,0
"106",51,"1016","sigma",2009,60787.0646759169
"106",51,"1020","sigma",2009,3216.16244767755
"106",51,"1034","sigma",2009,1993018.51396449
"106",51,"1062","sigma",2009,115666.253042582
"106",51,"108","sigma",2009,7616.17789265001
"106",51,"116","sigma",2009,249585.281428377
"106",51,"1166","sigma",2009,3834.56762086768
"106",51,"1182","sigma",2009,1455.47294905521
"106",51,"122","sigma",2009,1106.26763371557
"106",51,"15","sigma",2009,930276.411575385
"106",51,"157","sigma",2009,470876.390806327
"106",51,"162","sigma",2009,78724.2313015973
"106",51,"176","sigma",2009,1686.09366281396
"106",51,"181","sigma",2009,13866.8533863038
"106",51,"187","sigma",2009,4079.28182268946
"106",51,"191","sigma",2009,1097.29905040273
"106",51,"201","sigma",2009,207.41628391759
"106",51,"205","sigma",2009,1210.04695490701
"106",51,"210","sigma",2009,711.792326415889
"106",51,"211","sigma",2009,569.433861132711
"106",51,"221","sigma",2009,15183.9539071037
"106",51,"222","sigma",2009,1708.30158339813
"106",51,"223","sigma",2009,442.734827030683
"106",51,"225","sigma",2009,15175.4123991868
"106",51,"234","sigma",2009,251.974483551225
"106",51,"236","sigma",2009,66652.2334455838
"106",51,"242","sigma",2009,0
"106",51,"260","sigma",2009,467875.331999692
"106",51,"265","sigma",2009,0
"106",51,"267","sigma",2009,39888.8419723464
"106",51,"27","sigma",2009,230677.657144861
"106",51,"270","sigma",2009,7146.39495721553
"106",51,"289","sigma",2009,213.537697924767
"106",51,"292","sigma",2009,0
"106",51,"293","sigma",2009,0
"106",51,"333","sigma",2009,284.716930566356
"106",51,"336","sigma",2009,0
"106",51,"339","sigma",2009,9965.09256982245
"106",51,"358","sigma",2009,48129.5464521937
"106",51,"366","sigma",2009,69270.9174144679
"106",51,"367","sigma",2009,6345.91330692822
"106",51,"373","sigma",2009,12732.9682103233
"106",51,"388","sigma",2009,979164.443930607
"106",51,"393","sigma",2009,56322.2761292406
"106",51,"394","sigma",2009,72530.3568355915
"106",51,"397","sigma",2009,9939.04097067562
"106",51,"399","sigma",2009,45100.4430278983
"106",51,"401","sigma",2009,46105.4937927975
"106",51,"402","sigma",2009,0
"106",51,"403","sigma",2009,54725.1565072286
"106",51,"406","sigma",2009,3758.69055887174
"106",51,"414","sigma",2009,27363.2900459407
"106",51,"417","sigma",2009,12780.9430131237
"106",51,"420","sigma",2009,7278.50361299831
"106",51,"426","sigma",2009,74500.4556366454
"106",51,"44","sigma",2009,149362.50177511
"106",51,"449","sigma",2009,102512.330850416
"106",51,"461","sigma",2009,4273.601127801
"106",51,"463","sigma",2009,298952.777094673
"106",51,"486","sigma",2009,52.9573490853421
"106",51,"490","sigma",2009,344690.274254714
"106",51,"495","sigma",2009,117705.538057763
"106",51,"497","sigma",2009,77518.7398175794
"106",51,"507","sigma",2009,1014.30406514264
"106",51,"512","sigma",2009,3727.22933804416
"106",51,"515","sigma",2009,331076.391861218
"106",51,"521","sigma",2009,124188.969642155
"106",51,"523","sigma",2009,91.8212101076497
"106",51,"526","sigma",2009,30624.2954101825
"106",51,"530","sigma",2009,1138.86772226542
"106",51,"531","sigma",2009,16539.0641381343
"106",51,"534","sigma",2009,240840.343264497
"106",51,"536","sigma",2009,26948.8845535014
"106",51,"541","sigma",2009,1060.57056635967
"106",51,"544","sigma",2009,23210.6936136304
"106",51,"547","sigma",2009,278.453158093896
"106",51,"550","sigma",2009,108.192433615215
"106",51,"552","sigma",2009,217.239018022129
"106",51,"558","sigma",2009,13096.9788060524
"106",51,"56","sigma",2009,1121457.28196129
"106",51,"560","sigma",2009,1173389.65009659
"106",51,"569","sigma",2009,1723.39158071815
"106",51,"619","sigma",2009,9395.65870868973
"106",51,"71","sigma",2009,1665.59404381318
"106",51,"75","sigma",2009,44857.1524107293
"106",51,"754","sigma",2009,42.7075395849533
"106",51,"83","sigma",2009,34650.0504499255
"106",51,"866","sigma",2009,370132.009736262
"106",51,"882","sigma",2009,1503346.96206222
"106",51,"951","sigma",2009,24894.9366163957
"106",51,"976","sigma",2009,761617.789265001
"106",51,"982","sigma",2009,62732.8201794074
"106",61,"101","sigma",2009,844.328057594528
"106",61,"1016","sigma",2009,1715.13478973173
"106",61,"1034","sigma",2009,103835.552785223
"106",61,"1057","sigma",2009,941.843606313504
"106",61,"1062","sigma",2009,3337.73657702939
"106",61,"1079","sigma",2009,412.697190855932
"106",61,"108","sigma",2009,6748.64540521433
"106",61,"1096","sigma",2009,6595.89477196548
"106",61,"1140","sigma",2009,2.98952777094673
"106",61,"116","sigma",2009,85152.7125183898
"106",61,"1163","sigma",2009,424.655301939719
"106",61,"1166","sigma",2009,265.64089621841
"106",61,"1168","sigma",2009,3697.04934340413
"106",61,"1182","sigma",2009,2159.72027681109
"106",61,"119","sigma",2009,4653.98294703765
"106",61,"122","sigma",2009,1914.00956573233
"106",61,"1275","sigma",2009,10342.4848612882
"106",61,"129","sigma",2009,97.9426241148263
"106",61,"149","sigma",2009,295.251456997311
"106",61,"15","sigma",2009,922353.878265446
"106",61,"156","sigma",2009,6.83320633359253
"106",61,"157","sigma",2009,131.112146525807
"106",61,"162","sigma",2009,4610.56361512628
"106",61,"176","sigma",2009,13666.8397425809
"106",61,"181","sigma",2009,7917.69312211978
"106",61,"187","sigma",2009,15110.6392974829
"106",61,"191","sigma",2009,3215.7353722817
"106",61,"201","sigma",2009,4264.63254448816
"106",61,"211","sigma",2009,187.770815708512
"106",61,"221","sigma",2009,203.003171493812
"106",61,"222","sigma",2009,3331.04572916108
"106",61,"223","sigma",2009,1463.72974004163
"106",61,"225","sigma",2009,585.235650779144
"106",61,"229","sigma",2009,147.625728498655
"106",61,"230","sigma",2009,544.521129708155
"106",61,"234","sigma",2009,1918.13796122554
"106",61,"236","sigma",2009,194752.217204464
"106",61,"242","sigma",2009,2297.66562967049
"106",61,"249","sigma",2009,879.632956984756
"106",61,"256","sigma",2009,0
"106",61,"257","sigma",2009,138094.971606412
"106",61,"260","sigma",2009,1144.70441934203
"106",61,"265","sigma",2009,0
"106",61,"267","sigma",2009,50703.8145799094
"106",61,"27","sigma",2009,5617.89211547005
"106",61,"270","sigma",2009,13284.322546365
"106",61,"280","sigma",2009,0
"106",61,"289","sigma",2009,797.492122516362
"106",61,"292","sigma",2009,54.6656506687403
"106",61,"293","sigma",2009,0
"106",61,"333","sigma",2009,2807.45129384955
"106",61,"336","sigma",2009,332.691733366786
"106",61,"339","sigma",2009,1146.41272092543
"106",61,"358","sigma",2009,2648.86396352409
"106",61,"366","sigma",2009,2833.07581760052
"106",61,"367","sigma",2009,576.124709001021
"106",61,"373","sigma",2009,296.817400115426
"106",61,"388","sigma",2009,18536.211047592
"106",61,"393","sigma",2009,3145.83736582766
"106",61,"394","sigma",2009,3192.24622550998
"106",61,"397","sigma",2009,2056.79510641135
"106",61,"399","sigma",2009,3095.15775218685
"106",61,"401","sigma",2009,13057.8302280995
"106",61,"402","sigma",2009,527.29575540889
"106",61,"403","sigma",2009,10413.2370185339
"106",61,"406","sigma",2009,3943.32948834402
"106",61,"414","sigma",2009,2357.31382662414
"106",61,"417","sigma",2009,185.92015565983
"106",61,"420","sigma",2009,1556.54745940627
"106",61,"426","sigma",2009,3359.94449761356
"106",61,"44","sigma",2009,92206.8591901018
"106",61,"446","sigma",2009,570.999804250826
"106",61,"449","sigma",2009,1196.09582530926
"106",61,"459","sigma",2009,0
"106",61,"461","sigma",2009,1319.23589777921
"106",61,"463","sigma",2009,6135.93457063553
"106",61,"486","sigma",2009,97387.995534083
"106",61,"489","sigma",2009,615.558003884461
"106",61,"490","sigma",2009,27735.415074191
"106",61,"495","sigma",2009,12430.3141131312
"106",61,"497","sigma",2009,15008.7106363402
"106",61,"507","sigma",2009,4936.27978369419
"106",61,"512","sigma",2009,86.5539468921721
"106",61,"515","sigma",2009,5297.44321011761
"106",61,"521","sigma",2009,18311.5693893752
"106",61,"523","sigma",2009,106.6264904971
"106",61,"526","sigma",2009,4687.15246944863
"106",61,"530","sigma",2009,168.552422895283
"106",61,"531","sigma",2009,1386.71381032343
"106",61,"534","sigma",2009,11105.2415182754
"106",61,"536","sigma",2009,2484.72465305259
"106",61,"541","sigma",2009,0
"106",61,"544","sigma",2009,4793.77895994573
"106",61,"547","sigma",2009,440.741808516718
"106",61,"550","sigma",2009,292.261929226364
"106",61,"552","sigma",2009,118.869318511453
"106",61,"554","sigma",2009,29.0411269177683
"106",61,"558","sigma",2009,310.199095852044
"106",61,"56","sigma",2009,313525.443751851
"106",61,"560","sigma",2009,3324.78195668862
"106",61,"569","sigma",2009,74.7381942736683
"106",61,"571","sigma",2009,1338.31193212715
"106",61,"572","sigma",2009,3072.38039774154
"106",61,"574","sigma",2009,19994.6735244182
"106",61,"577","sigma",2009,1176.73507403075
"106",61,"603","sigma",2009,10.8192433615215
"106",61,"619","sigma",2009,4293.81602987121
"106",61,"656","sigma",2009,65055.9679743636
"106",61,"661","sigma",2009,10431.1741851596
"106",61,"71","sigma",2009,1980.91804441542
"106",61,"75","sigma",2009,4304.0658393716
"106",61,"754","sigma",2009,0
"106",61,"79","sigma",2009,978.714448821847
"106",61,"83","sigma",2009,4939.69638686099
"106",61,"866","sigma",2009,160948.630189112
"106",61,"882","sigma",2009,240598.19151505
"106",61,"946","sigma",2009,0
"106",61,"976","sigma",2009,213744.971850219
"106",91,"101","sigma",2009,4.41311242377851
"106",91,"1016","sigma",2009,0
"106",91,"1034","sigma",2009,10157.2764979547
"106",91,"1057","sigma",2009,2108.32887084386
"106",91,"1062","sigma",2009,2715.48772527662
"106",91,"1079","sigma",2009,374.545122160041
"106",91,"108","sigma",2009,326.57031935961
"106",91,"1096","sigma",2009,106.057056635967
"106",91,"1140","sigma",2009,0
"106",91,"116","sigma",2009,21119.3054001553
"106",91,"1163","sigma",2009,281.727402795409
"106",91,"1166","sigma",2009,103.067528865021
"106",91,"1168","sigma",2009,1836.28184368771
"106",91,"1182","sigma",2009,484.73057428922
"106",91,"119","sigma",2009,9.25330024340656
"106",91,"122","sigma",2009,836.640700469236
"106",91,"1275","sigma",2009,1251.18855137385
"106",91,"129","sigma",2009,0
"106",91,"149","sigma",2009,3.13188623622991
"106",91,"15","sigma",2009,29758.8982997261
"106",91,"156","sigma",2009,2.70481084038038
"106",91,"157","sigma",2009,0.427075395849533
"106",91,"162","sigma",2009,133.95931583147
"106",91,"176","sigma",2009,763.183732383116
"106",91,"181","sigma",2009,120.577620094852
"106",91,"187","sigma",2009,825.536740177148
"106",91,"191","sigma",2009,374.118046764191
"106",91,"201","sigma",2009,205.707982334192
"106",91,"211","sigma",2009,607.870646759169
"106",91,"221","sigma",2009,93.1024362951983
"106",91,"222","sigma",2009,70.3250818498898
"106",91,"223","sigma",2009,108.050075149932
"106",91,"225","sigma",2009,224.784016682138
"106",91,"229","sigma",2009,67.6202710095095
"106",91,"230","sigma",2009,131.966297317506
"106",91,"234","sigma",2009,143.070257609594
"106",91,"236","sigma",2009,10200.6958298661
"106",91,"242","sigma",2009,43.276973446086
"106",91,"249","sigma",2009,10.392167965672
"106",91,"256","sigma",2009,0
"106",91,"257","sigma",2009,8452.53387618868
"106",91,"260","sigma",2009,146.202143845824
"106",91,"265","sigma",2009,0
"106",91,"267","sigma",2009,2956.7853239316
"106",91,"27","sigma",2009,2144.63027949107
"106",91,"270","sigma",2009,1140.43366538354
"106",91,"280","sigma",2009,0
"106",91,"289","sigma",2009,11.6733941532206
"106",91,"292","sigma",2009,1.2812261875486
"106",91,"293","sigma",2009,0
"106",91,"333","sigma",2009,193.038078923989
"106",91,"336","sigma",2009,100.220359559357
"106",91,"339","sigma",2009,25.4821652856888
"106",91,"358","sigma",2009,9332.451550104
"106",91,"366","sigma",2009,461.099069052213
"106",91,"367","sigma",2009,363.29880340267
"106",91,"373","sigma",2009,766.457977084629
"106",91,"388","sigma",2009,13265.6735874129
"106",91,"393","sigma",2009,6952.50272749984
"106",91,"394","sigma",2009,2583.94850335496
"106",91,"397","sigma",2009,803.898253454105
"106",91,"399","sigma",2009,728.448266854021
"106",91,"401","sigma",2009,4005.54013767277
"106",91,"402","sigma",2009,192.18392813229
"106",91,"403","sigma",2009,5027.67391840599
"106",91,"406","sigma",2009,1511.84690130735
"106",91,"414","sigma",2009,313.615699018841
"106",91,"417","sigma",2009,207.131566987024
"106",91,"420","sigma",2009,318.740603769035
"106",91,"426","sigma",2009,13531.5992005619
"106",91,"44","sigma",2009,1054.59151081778
"106",91,"446","sigma",2009,91.8212101076497
"106",91,"449","sigma",2009,405.579267591773
"106",91,"459","sigma",2009,0
"106",91,"461","sigma",2009,187.913174173795
"106",91,"463","sigma",2009,24142.7144858394
"106",91,"486","sigma",2009,15036.0434616745
"106",91,"489","sigma",2009,563.597164056101
"106",91,"490","sigma",2009,11155.0669811245
"106",91,"495","sigma",2009,13627.8335230933
"106",91,"497","sigma",2009,5691.9185174173
"106",91,"507","sigma",2009,904.972763805161
"106",91,"512","sigma",2009,45.9817842864664
"106",91,"515","sigma",2009,104319.429208721
"106",91,"521","sigma",2009,19152.3384853376
"106",91,"523","sigma",2009,7.97207405585796
"106",91,"526","sigma",2009,1630.7162198188
"106",91,"530","sigma",2009,10.5345264309552
"106",91,"531","sigma",2009,690.438556623412
"106",91,"534","sigma",2009,50951.3759510369
"106",91,"536","sigma",2009,5784.02444445551
"106",91,"541","sigma",2009,0
"106",91,"544","sigma",2009,2420.09390981402
"106",91,"547","sigma",2009,56.9433861132711
"106",91,"550","sigma",2009,22.4926375147421
"106",91,"552","sigma",2009,53.9538583423244
"106",91,"554","sigma",2009,1.85066004868131
"106",91,"558","sigma",2009,76.4464958570665
"106",91,"56","sigma",2009,9454.16803792112
"106",91,"560","sigma",2009,56053.6457052513
"106",91,"569","sigma",2009,245.853069544048
"106",91,"571","sigma",2009,715.351288047968
"106",91,"572","sigma",2009,1816.63637547863
"106",91,"574","sigma",2009,2643.02726644748
"106",91,"577","sigma",2009,188.909683430777
"106",91,"603","sigma",2009,0
"106",91,"619","sigma",2009,2240.29516816137
"106",91,"656","sigma",2009,959.211339078052
"106",91,"661","sigma",2009,61.4988570023328
"106",91,"71","sigma",2009,270.623442503321
"106",91,"75","sigma",2009,56.2315937868552
"106",91,"754","sigma",2009,0
"106",91,"79","sigma",2009,11.5310356879374
"106",91,"83","sigma",2009,1099.43442738198
"106",91,"866","sigma",2009,3889.3756300017
"106",91,"882","sigma",2009,1545.30114064889
"106",91,"946","sigma",2009,0
"106",91,"976","sigma",2009,395.614175021951
"106",71,"1016","sigma",2009,7114.24780343853
"106",71,"1020","sigma",2009,-318.740040762048
"106",71,"1034","sigma",2009,-186780.760362623
"106",71,"1062","sigma",2009,-17219.8557625498
"106",71,"108","sigma",2009,664.113441053236
"106",71,"116","sigma",2009,-7066.11600717855
"106",71,"1166","sigma",2009,715.061958628063
"106",71,"1182","sigma",2009,52.1810694595129
"106",71,"122","sigma",2009,-10.8845760350513
"106",71,"15","sigma",2009,-116290.649714747
"106",71,"157","sigma",2009,20800.4814741459
"106",71,"162","sigma",2009,2324.62874173827
"106",71,"176","sigma",2009,91.616489354114
"106",71,"181","sigma",2009,2605.40626296197
"106",71,"187","sigma",2009,4.88128181873061
"106",71,"191","sigma",2009,74.6031240612497
"106",71,"201","sigma",2009,-68.0926249980842
"106",71,"205","sigma",2009,-47.0240356362041
"106",71,"210","sigma",2009,-85.5642250413091
"106",71,"211","sigma",2009,-49.4705383096394
"106",71,"221","sigma",2009,-396.861745364045
"106",71,"222","sigma",2009,69.0656564166201
"106",71,"223","sigma",2009,2.40255147916506
"106",71,"225","sigma",2009,-1482.99152057164
"106",71,"234","sigma",2009,-26.6638491463371
"106",71,"236","sigma",2009,-641.010948072295
"106",71,"242","sigma",2009,0
"106",71,"260","sigma",2009,-51904.7148215121
"106",71,"265","sigma",2009,0
"106",71,"267","sigma",2009,-2401.23658699463
"106",71,"27","sigma",2009,-29790.9995129416
"106",71,"270","sigma",2009,-616.240695377782
"106",71,"289","sigma",2009,22.4965114661047
"106",71,"292","sigma",2009,0
"106",71,"293","sigma",2009,0
"106",71,"333","sigma",2009,11.5939669319516
"106",71,"336","sigma",2009,0
"106",71,"339","sigma",2009,-418.157333847267
"106",71,"358","sigma",2009,8467.72704054301
"106",71,"366","sigma",2009,-10204.7064817295
"106",71,"367","sigma",2009,-653.608520412804
"106",71,"373","sigma",2009,-703.74576724074
"106",71,"388","sigma",2009,112071.371399553
"106",71,"393","sigma",2009,-7279.52543862219
"106",71,"394","sigma",2009,3545.21937812638
"106",71,"397","sigma",2009,-560.271397976645
"106",71,"399","sigma",2009,563.050475990605
"106",71,"401","sigma",2009,-3734.44784195392
"106",71,"402","sigma",2009,0
"106",71,"403","sigma",2009,990.210306254112
"106",71,"406","sigma",2009,274.987691323324
"106",71,"414","sigma",2009,3161.48884101271
"106",71,"417","sigma",2009,-12.5903724891845
"106",71,"420","sigma",2009,521.006325878144
"106",71,"426","sigma",2009,4185.05929256323
"106",71,"44","sigma",2009,-7686.50033859927
"106",71,"449","sigma",2009,16556.5047507525
"106",71,"461","sigma",2009,79.6081241861599
"106",71,"463","sigma",2009,-34178.4060108776
"106",71,"486","sigma",2009,-5.48585705181145
"106",71,"490","sigma",2009,-8891.95151824938
"106",71,"495","sigma",2009,64.9355962542582
"106",71,"497","sigma",2009,10468.9647771331
"106",71,"507","sigma",2009,37.2936155387117
"106",71,"512","sigma",2009,-550.016878637777
"106",71,"515","sigma",2009,-43841.3904834242
"106",71,"521","sigma",2009,10311.6728873101
"106",71,"523","sigma",2009,-2.12681445275767
"106",71,"526","sigma",2009,3259.84004777795
"106",71,"530","sigma",2009,-34.2651640579566
"106",71,"531","sigma",2009,55.4480173435382
"106",71,"534","sigma",2009,14328.3291922144
"106",71,"536","sigma",2009,-2930.46223342917
"106",71,"541","sigma",2009,180.335646200284
"106",71,"544","sigma",2009,69.5066024381809
"106",71,"547","sigma",2009,-29.8568901071036
"106",71,"550","sigma",2009,-4.75893437461791
"106",71,"552","sigma",2009,15.0794151587535
"106",71,"558","sigma",2009,-114.268455680528
"106",71,"56","sigma",2009,128799.218367033
"106",71,"560","sigma",2009,-60527.9886136852
"106",71,"569","sigma",2009,150.558538937933
"106",71,"619","sigma",2009,-874.96694981789
"106",71,"71","sigma",2009,-1.55925775698039
"106",71,"75","sigma",2009,-2826.82039615599
"106",71,"754","sigma",2009,0.538361261338798
"106",71,"83","sigma",2009,-5152.98820968438
"106",71,"866","sigma",2009,-16157.0814520386
"106",71,"882","sigma",2009,-11297.0076573617
"106",71,"951","sigma",2009,1810.08130903571
"106",71,"976","sigma",2009,2175.73264608338
"106",71,"982","sigma",2009,816.622949603671
"106",171,"1020","sigma",2009,331.050053861366
"106",171,"1062","sigma",2009,23258.9483130071
"106",171,"116","sigma",2009,41359.5541659757
"106",171,"1163","sigma",2009,5.49145275245931
"106",171,"1166","sigma",2009,149.863959993411
"106",171,"1182","sigma",2009,-186.271457390955
"106",171,"119","sigma",2009,14.6108175018845
"106",171,"122","sigma",2009,-235.650189266732
"106",171,"176","sigma",2009,535.784710739086
"106",171,"181","sigma",2009,-2540.22912182974
"106",171,"187","sigma",2009,1212.97675671059
"106",171,"191","sigma",2009,-51.2073358485484
"106",171,"201","sigma",2009,413.976455276263
"106",171,"223","sigma",2009,-298.298932152478
"106",171,"229","sigma",2009,-1.20062701609843
"106",171,"230","sigma",2009,-77.3595035556307
"106",171,"249","sigma",2009,31.9599630795636
"106",171,"257","sigma",2009,-803.566598809401
"106",171,"260","sigma",2009,50.344219716011
"106",171,"293","sigma",2009,0
"106",171,"358","sigma",2009,915.104955186941
"106",171,"366","sigma",2009,-517.827555666677
"106",171,"367","sigma",2009,-39.853409925413
"106",171,"373","sigma",2009,-910.484735353239
"106",171,"388","sigma",2009,-77753.4886999338
"106",171,"393","sigma",2009,-3205.46921751257
"106",171,"394","sigma",2009,-11645.6092114461
"106",171,"397","sigma",2009,-418.151139624623
"106",171,"399","sigma",2009,-7404.74291613255
"106",171,"401","sigma",2009,19.9585847208533
"106",171,"402","sigma",2009,23.045971065971
"106",171,"403","sigma",2009,5731.39978232845
"106",171,"406","sigma",2009,-391.976453221067
"106",171,"414","sigma",2009,-2896.22582961639
"106",171,"417","sigma",2009,442.113617547025
"106",171,"420","sigma",2009,256.981901017983
"106",171,"426","sigma",2009,-5920.18805081788
"106",171,"446","sigma",2009,94.8566888693343
"106",171,"449","sigma",2009,-10773.733164463
"106",171,"459","sigma",2009,0
"106",171,"463","sigma",2009,7018.80203528777
"106",171,"486","sigma",2009,-992.058704845325
"106",171,"489","sigma",2009,-7.73512252688791
"106",171,"490","sigma",2009,79883.5809949184
"106",171,"495","sigma",2009,-4173.61323461318
"106",171,"497","sigma",2009,949.241433344181
"106",171,"507","sigma",2009,50.2864420654656
"106",171,"512","sigma",2009,392.719535129223
"106",171,"515","sigma",2009,8693.1711076902
"106",171,"521","sigma",2009,-11395.8704739435
"106",171,"523","sigma",2009,38.9644858852462
"106",171,"526","sigma",2009,32.794186092287
"106",171,"530","sigma",2009,-108.403723472255
"106",171,"531","sigma",2009,1404.34312716271
"106",171,"534","sigma",2009,47176.8074813098
"106",171,"536","sigma",2009,2552.93075903474
"106",171,"541","sigma",2009,0.475969226850323
"106",171,"544","sigma",2009,2508.22145015495
"106",171,"547","sigma",2009,-50.5503394636441
"106",171,"550","sigma",2009,-39.4084545041789
"106",171,"552","sigma",2009,20.2864249316104
"106",171,"554","sigma",2009,1.62047597932453
"106",171,"558","sigma",2009,98.3794601454995
"106",171,"560","sigma",2009,6275.46755008693
"106",171,"569","sigma",2009,26.3689826158892
"106",171,"571","sigma",2009,52.5046039716245
"106",171,"572","sigma",2009,63.9110712406177
"106",171,"574","sigma",2009,-340.933841132509
"106",171,"577","sigma",2009,-91.9941586185261
"106",171,"603","sigma",2009,-0.850014474306843
"106",171,"619","sigma",2009,1342.94967219518
"106",171,"882","sigma",2009,-1727.92156887982
"106",171,"982","sigma",2009,-50.8887689969995
